<?xml version="1.0" encoding="UTF-8"?>
<GenRun Id="impl_1" LaunchPart="xc7a100tcsg324-1" LaunchTime="1712140052">
  <File Type="ROUTE-PWR" Name="_Bin_BCD_Trans_power_routed.rpt"/>
  <File Type="PA-TCL" Name="_Bin_BCD_Trans.tcl"/>
  <File Type="ROUTE-PWR-SUM" Name="_Bin_BCD_Trans_power_summary_routed.pb"/>
  <File Type="REPORTS-TCL" Name="_Bin_BCD_Trans_reports.tcl"/>
  <File Type="OPT-RQA-PB" Name="_Bin_BCD_Trans_rqa_opted.pb"/>
  <File Type="BITSTR-MMI" Name="_Bin_BCD_Trans.mmi"/>
  <File Type="OPT-METHODOLOGY-DRC" Name="_Bin_BCD_Trans_methodology_drc_opted.rpt"/>
  <File Type="INIT-TIMING" Name="_Bin_BCD_Trans_timing_summary_init.rpt"/>
  <File Type="OPT-TIMING" Name="_Bin_BCD_Trans_timing_summary_opted.rpt"/>
  <File Type="OPT-DCP" Name="_Bin_BCD_Trans_opt.dcp"/>
  <File Type="OPT-DRC" Name="_Bin_BCD_Trans_drc_opted.rpt"/>
  <File Type="OPT-HWDEF" Name="_Bin_BCD_Trans.hwdef"/>
  <File Type="PWROPT-DCP" Name="_Bin_BCD_Trans_pwropt.dcp"/>
  <File Type="PWROPT-DRC" Name="_Bin_BCD_Trans_drc_pwropted.rpt"/>
  <File Type="PWROPT-TIMING" Name="_Bin_BCD_Trans_timing_summary_pwropted.rpt"/>
  <File Type="PLACE-DCP" Name="_Bin_BCD_Trans_placed.dcp"/>
  <File Type="PLACE-IO" Name="_Bin_BCD_Trans_io_placed.rpt"/>
  <File Type="PLACE-CLK" Name="_Bin_BCD_Trans_clock_utilization_placed.rpt"/>
  <File Type="PLACE-UTIL" Name="_Bin_BCD_Trans_utilization_placed.rpt"/>
  <File Type="PLACE-UTIL-PB" Name="_Bin_BCD_Trans_utilization_placed.pb"/>
  <File Type="PLACE-CTRL" Name="_Bin_BCD_Trans_control_sets_placed.rpt"/>
  <File Type="PLACE-SIMILARITY" Name="_Bin_BCD_Trans_incremental_reuse_placed.rpt"/>
  <File Type="PLACE-PRE-SIMILARITY" Name="_Bin_BCD_Trans_incremental_reuse_pre_placed.rpt"/>
  <File Type="BG-BIN" Name="_Bin_BCD_Trans.bin"/>
  <File Type="PLACE-TIMING" Name="_Bin_BCD_Trans_timing_summary_placed.rpt"/>
  <File Type="ROUTE-PWR-RPX" Name="_Bin_BCD_Trans_power_routed.rpx"/>
  <File Type="PLACE-RQA-PB" Name="_Bin_BCD_Trans_rqa_placed.pb"/>
  <File Type="POSTPLACE-PWROPT-DCP" Name="_Bin_BCD_Trans_postplace_pwropt.dcp"/>
  <File Type="BITSTR-MSK" Name="_Bin_BCD_Trans.msk"/>
  <File Type="POSTPLACE-PWROPT-TIMING" Name="_Bin_BCD_Trans_timing_summary_postplace_pwropted.rpt"/>
  <File Type="PHYSOPT-DCP" Name="_Bin_BCD_Trans_physopt.dcp"/>
  <File Type="PHYSOPT-DRC" Name="_Bin_BCD_Trans_drc_physopted.rpt"/>
  <File Type="BITSTR-RBT" Name="_Bin_BCD_Trans.rbt"/>
  <File Type="PHYSOPT-TIMING" Name="_Bin_BCD_Trans_timing_summary_physopted.rpt"/>
  <File Type="ROUTE-ERROR-DCP" Name="_Bin_BCD_Trans_routed_error.dcp"/>
  <File Type="ROUTE-DCP" Name="_Bin_BCD_Trans_routed.dcp"/>
  <File Type="ROUTE-BLACKBOX-DCP" Name="_Bin_BCD_Trans_routed_bb.dcp"/>
  <File Type="ROUTE-DRC" Name="_Bin_BCD_Trans_drc_routed.rpt"/>
  <File Type="ROUTE-DRC-PB" Name="_Bin_BCD_Trans_drc_routed.pb"/>
  <File Type="ROUTE-DRC-RPX" Name="_Bin_BCD_Trans_drc_routed.rpx"/>
  <File Type="ROUTE-METHODOLOGY-DRC" Name="_Bin_BCD_Trans_methodology_drc_routed.rpt"/>
  <File Type="ROUTE-METHODOLOGY-DRC-RPX" Name="_Bin_BCD_Trans_methodology_drc_routed.rpx"/>
  <File Type="ROUTE-METHODOLOGY-DRC-PB" Name="_Bin_BCD_Trans_methodology_drc_routed.pb"/>
  <File Type="ROUTE-RQS-PB" Name="_Bin_BCD_Trans_rqs_routed.pb"/>
  <File Type="ROUTE-STATUS" Name="_Bin_BCD_Trans_route_status.rpt"/>
  <File Type="ROUTE-STATUS-PB" Name="_Bin_BCD_Trans_route_status.pb"/>
  <File Type="ROUTE-TIMINGSUMMARY" Name="_Bin_BCD_Trans_timing_summary_routed.rpt"/>
  <File Type="ROUTE-TIMING-PB" Name="_Bin_BCD_Trans_timing_summary_routed.pb"/>
  <File Type="ROUTE-TIMING-RPX" Name="_Bin_BCD_Trans_timing_summary_routed.rpx"/>
  <File Type="ROUTE-SIMILARITY" Name="_Bin_BCD_Trans_incremental_reuse_routed.rpt"/>
  <File Type="ROUTE-CLK" Name="_Bin_BCD_Trans_clock_utilization_routed.rpt"/>
  <File Type="ROUTE-BUS-SKEW" Name="_Bin_BCD_Trans_bus_skew_routed.rpt"/>
  <File Type="ROUTE-BUS-SKEW-PB" Name="_Bin_BCD_Trans_bus_skew_routed.pb"/>
  <File Type="ROUTE-BUS-SKEW-RPX" Name="_Bin_BCD_Trans_bus_skew_routed.rpx"/>
  <File Type="POSTROUTE-PHYSOPT-DCP" Name="_Bin_BCD_Trans_postroute_physopt.dcp"/>
  <File Type="POSTROUTE-PHYSOPT-BLACKBOX-DCP" Name="_Bin_BCD_Trans_postroute_physopt_bb.dcp"/>
  <File Type="POSTROUTE-PHYSOPT-TIMING" Name="_Bin_BCD_Trans_timing_summary_postroute_physopted.rpt"/>
  <File Type="POSTROUTE-PHYSOPT-TIMING-PB" Name="_Bin_BCD_Trans_timing_summary_postroute_physopted.pb"/>
  <File Type="POSTROUTE-PHYSOPT-TIMING-RPX" Name="_Bin_BCD_Trans_timing_summary_postroute_physopted.rpx"/>
  <File Type="POSTROUTE-PHYSOPT-BUS-SKEW" Name="_Bin_BCD_Trans_bus_skew_postroute_physopted.rpt"/>
  <File Type="BG-BIT" Name="_Bin_BCD_Trans.bit"/>
  <File Type="POSTROUTE-PHYSOPT-BUS-SKEW-PB" Name="_Bin_BCD_Trans_bus_skew_postroute_physopted.pb"/>
  <File Type="POSTROUTE-PHYSOPT-BUS-SKEW-RPX" Name="_Bin_BCD_Trans_bus_skew_postroute_physopted.rpx"/>
  <File Type="BITSTR-NKY" Name="_Bin_BCD_Trans.nky"/>
  <File Type="BITSTR-BMM" Name="_Bin_BCD_Trans_bd.bmm"/>
  <File Type="PDI-FILE" Name="_Bin_BCD_Trans.pdi"/>
  <File Type="BOOT-PDI-FILE" Name="_Bin_BCD_Trans_boot.pdi"/>
  <File Type="PL-PDI-FILE" Name="_Bin_BCD_Trans_pld.pdi"/>
  <File Type="RCFI_FILE" Name="_Bin_BCD_Trans.rcfi"/>
  <File Type="CFI_FILE" Name="_Bin_BCD_Trans.cfi"/>
  <File Type="RNPI_FILE" Name="_Bin_BCD_Trans.rnpi"/>
  <File Type="NPI_FILE" Name="_Bin_BCD_Trans.npi"/>
  <File Type="RBD_FILE" Name="_Bin_BCD_Trans.rbd"/>
  <File Type="BITSTR-LTX" Name="debug_nets.ltx"/>
  <File Type="BITSTR-LTX" Name="_Bin_BCD_Trans.ltx"/>
  <File Type="BITSTR-SYSDEF" Name="_Bin_BCD_Trans.sysdef"/>
  <File Type="BG-BGN" Name="_Bin_BCD_Trans.bgn"/>
  <File Type="BG-DRC" Name="_Bin_BCD_Trans.drc"/>
  <File Type="RDI-RDI" Name="_Bin_BCD_Trans.vdi"/>
  <File Type="WBT-USG" Name="usage_statistics_webtalk.html"/>
  <File Type="ROUTE-RQS" Name="_Bin_BCD_Trans_routed.rqs"/>
  <File Type="POSTROUTE-PHYSOPT-RQS" Name="_Bin_BCD_Trans_postroute_physopted.rqs"/>
  <File Type="ROUTE-RQS-RPT" Name="route_report_qor_suggestions_0.rpt"/>
  <File Type="POSTROUTE-PHYSOPT-RQS-RPT" Name="postroute_physopt_report_qor_suggestions_0.rpt"/>
  <FileSet Name="sources" Type="DesignSrcs" RelSrcDir="$PSRCDIR/sources_1" RelGenDir="$PGENDIR/sources_1">
    <Filter Type="Srcs"/>
    <File Path="$PSRCDIR/sources_1/new/3.4">
      <FileInfo SFType="Verilog">
        <Attr Name="UsedIn" Val="synthesis"/>
        <Attr Name="UsedIn" Val="implementation"/>
        <Attr Name="UsedIn" Val="simulation"/>
      </FileInfo>
    </File>
    <File Path="$PSRCDIR/sources_1/new/3.2">
      <FileInfo SFType="Verilog">
        <Attr Name="AutoDisabled" Val="1"/>
        <Attr Name="UsedIn" Val="synthesis"/>
        <Attr Name="UsedIn" Val="implementation"/>
        <Attr Name="UsedIn" Val="simulation"/>
      </FileInfo>
    </File>
    <File Path="$PSRCDIR/sources_1/new/3.3">
      <FileInfo SFType="Verilog">
        <Attr Name="AutoDisabled" Val="1"/>
        <Attr Name="UsedIn" Val="synthesis"/>
        <Attr Name="UsedIn" Val="implementation"/>
        <Attr Name="UsedIn" Val="simulation"/>
      </FileInfo>
    </File>
    <File Path="$PSRCDIR/sources_1/new/7-seg display.v">
      <FileInfo>
        <Attr Name="AutoDisabled" Val="1"/>
        <Attr Name="UsedIn" Val="synthesis"/>
        <Attr Name="UsedIn" Val="implementation"/>
        <Attr Name="UsedIn" Val="simulation"/>
      </FileInfo>
    </File>
    <Config>
      <Option Name="DesignMode" Val="RTL"/>
      <Option Name="TopModule" Val="_Bin_BCD_Trans"/>
    </Config>
  </FileSet>
  <FileSet Name="constrs_in" Type="Constrs" RelSrcDir="$PSRCDIR/constrs_1" RelGenDir="$PGENDIR/constrs_1">
    <Filter Type="Constrs"/>
    <File Path="$PSRCDIR/constrs_1/new/cons_lab2.xdc">
      <FileInfo>
        <Attr Name="UsedIn" Val="synthesis"/>
        <Attr Name="UsedIn" Val="implementation"/>
      </FileInfo>
    </File>
    <Config>
      <Option Name="ConstrsType" Val="XDC"/>
    </Config>
  </FileSet>
  <FileSet Name="utils" Type="Utils" RelSrcDir="$PSRCDIR/utils_1" RelGenDir="$PGENDIR/utils_1">
    <Filter Type="Utils"/>
    <File Path="$PSRCDIR/utils_1/imports/synth_1/_7Seg_Driver_Direct.dcp">
      <FileInfo>
        <Attr Name="UsedIn" Val="synthesis"/>
        <Attr Name="UsedIn" Val="implementation"/>
        <Attr Name="UsedInSteps" Val="synth_1"/>
        <Attr Name="AutoDcp" Val="1"/>
      </FileInfo>
    </File>
    <Config>
      <Option Name="TopAutoSet" Val="TRUE"/>
    </Config>
  </FileSet>
  <Strategy Version="1" Minor="2">
    <StratHandle Name="Vivado Implementation Defaults" Flow="Vivado Implementation 2023"/>
    <Step Id="init_design"/>
    <Step Id="opt_design"/>
    <Step Id="power_opt_design"/>
    <Step Id="place_design"/>
    <Step Id="post_place_power_opt_design"/>
    <Step Id="phys_opt_design"/>
    <Step Id="route_design"/>
    <Step Id="post_route_phys_opt_design"/>
    <Step Id="write_bitstream"/>
  </Strategy>
</GenRun>
