<?xml version="1.0" encoding="UTF-8"?>
<GenRun Id="impl_1" LaunchPart="xc7a100tcsg324-1" LaunchTime="1712145683">
  <File Type="ROUTE-PWR" Name="paoma3_power_routed.rpt"/>
  <File Type="PA-TCL" Name="paoma3.tcl"/>
  <File Type="ROUTE-PWR-SUM" Name="paoma3_power_summary_routed.pb"/>
  <File Type="REPORTS-TCL" Name="paoma3_reports.tcl"/>
  <File Type="OPT-RQA-PB" Name="paoma3_rqa_opted.pb"/>
  <File Type="BITSTR-MMI" Name="paoma3.mmi"/>
  <File Type="OPT-METHODOLOGY-DRC" Name="paoma3_methodology_drc_opted.rpt"/>
  <File Type="INIT-TIMING" Name="paoma3_timing_summary_init.rpt"/>
  <File Type="OPT-TIMING" Name="paoma3_timing_summary_opted.rpt"/>
  <File Type="OPT-DCP" Name="paoma3_opt.dcp"/>
  <File Type="OPT-DRC" Name="paoma3_drc_opted.rpt"/>
  <File Type="OPT-HWDEF" Name="paoma3.hwdef"/>
  <File Type="PWROPT-DCP" Name="paoma3_pwropt.dcp"/>
  <File Type="PWROPT-DRC" Name="paoma3_drc_pwropted.rpt"/>
  <File Type="PWROPT-TIMING" Name="paoma3_timing_summary_pwropted.rpt"/>
  <File Type="PLACE-DCP" Name="paoma3_placed.dcp"/>
  <File Type="PLACE-IO" Name="paoma3_io_placed.rpt"/>
  <File Type="PLACE-CLK" Name="paoma3_clock_utilization_placed.rpt"/>
  <File Type="PLACE-UTIL" Name="paoma3_utilization_placed.rpt"/>
  <File Type="PLACE-UTIL-PB" Name="paoma3_utilization_placed.pb"/>
  <File Type="PLACE-CTRL" Name="paoma3_control_sets_placed.rpt"/>
  <File Type="PLACE-SIMILARITY" Name="paoma3_incremental_reuse_placed.rpt"/>
  <File Type="PLACE-PRE-SIMILARITY" Name="paoma3_incremental_reuse_pre_placed.rpt"/>
  <File Type="BG-BIN" Name="paoma3.bin"/>
  <File Type="PLACE-TIMING" Name="paoma3_timing_summary_placed.rpt"/>
  <File Type="ROUTE-PWR-RPX" Name="paoma3_power_routed.rpx"/>
  <File Type="PLACE-RQA-PB" Name="paoma3_rqa_placed.pb"/>
  <File Type="POSTPLACE-PWROPT-DCP" Name="paoma3_postplace_pwropt.dcp"/>
  <File Type="BITSTR-MSK" Name="paoma3.msk"/>
  <File Type="POSTPLACE-PWROPT-TIMING" Name="paoma3_timing_summary_postplace_pwropted.rpt"/>
  <File Type="PHYSOPT-DCP" Name="paoma3_physopt.dcp"/>
  <File Type="PHYSOPT-DRC" Name="paoma3_drc_physopted.rpt"/>
  <File Type="BITSTR-RBT" Name="paoma3.rbt"/>
  <File Type="PHYSOPT-TIMING" Name="paoma3_timing_summary_physopted.rpt"/>
  <File Type="ROUTE-ERROR-DCP" Name="paoma3_routed_error.dcp"/>
  <File Type="ROUTE-DCP" Name="paoma3_routed.dcp"/>
  <File Type="ROUTE-BLACKBOX-DCP" Name="paoma3_routed_bb.dcp"/>
  <File Type="ROUTE-DRC" Name="paoma3_drc_routed.rpt"/>
  <File Type="ROUTE-DRC-PB" Name="paoma3_drc_routed.pb"/>
  <File Type="ROUTE-DRC-RPX" Name="paoma3_drc_routed.rpx"/>
  <File Type="ROUTE-METHODOLOGY-DRC" Name="paoma3_methodology_drc_routed.rpt"/>
  <File Type="ROUTE-METHODOLOGY-DRC-RPX" Name="paoma3_methodology_drc_routed.rpx"/>
  <File Type="ROUTE-METHODOLOGY-DRC-PB" Name="paoma3_methodology_drc_routed.pb"/>
  <File Type="ROUTE-RQS-PB" Name="paoma3_rqs_routed.pb"/>
  <File Type="ROUTE-STATUS" Name="paoma3_route_status.rpt"/>
  <File Type="ROUTE-STATUS-PB" Name="paoma3_route_status.pb"/>
  <File Type="ROUTE-TIMINGSUMMARY" Name="paoma3_timing_summary_routed.rpt"/>
  <File Type="ROUTE-TIMING-PB" Name="paoma3_timing_summary_routed.pb"/>
  <File Type="ROUTE-TIMING-RPX" Name="paoma3_timing_summary_routed.rpx"/>
  <File Type="ROUTE-SIMILARITY" Name="paoma3_incremental_reuse_routed.rpt"/>
  <File Type="ROUTE-CLK" Name="paoma3_clock_utilization_routed.rpt"/>
  <File Type="ROUTE-BUS-SKEW" Name="paoma3_bus_skew_routed.rpt"/>
  <File Type="ROUTE-BUS-SKEW-PB" Name="paoma3_bus_skew_routed.pb"/>
  <File Type="ROUTE-BUS-SKEW-RPX" Name="paoma3_bus_skew_routed.rpx"/>
  <File Type="POSTROUTE-PHYSOPT-DCP" Name="paoma3_postroute_physopt.dcp"/>
  <File Type="POSTROUTE-PHYSOPT-BLACKBOX-DCP" Name="paoma3_postroute_physopt_bb.dcp"/>
  <File Type="POSTROUTE-PHYSOPT-TIMING" Name="paoma2_timing_summary_postroute_physopted.rpt"/>
  <File Type="POSTROUTE-PHYSOPT-TIMING-PB" Name="paoma2_timing_summary_postroute_physopted.pb"/>
  <File Type="POSTROUTE-PHYSOPT-TIMING-RPX" Name="paoma2_timing_summary_postroute_physopted.rpx"/>
  <File Type="POSTROUTE-PHYSOPT-BUS-SKEW" Name="paoma2_bus_skew_postroute_physopted.rpt"/>
  <File Type="BG-BIT" Name="paoma3.bit"/>
  <File Type="POSTROUTE-PHYSOPT-BUS-SKEW-PB" Name="paoma2_bus_skew_postroute_physopted.pb"/>
  <File Type="POSTROUTE-PHYSOPT-BUS-SKEW-RPX" Name="paoma2_bus_skew_postroute_physopted.rpx"/>
  <File Type="BITSTR-NKY" Name="paoma3.nky"/>
  <File Type="BITSTR-BMM" Name="paoma3_bd.bmm"/>
  <File Type="PDI-FILE" Name="paoma3.pdi"/>
  <File Type="BOOT-PDI-FILE" Name="paoma3_boot.pdi"/>
  <File Type="PL-PDI-FILE" Name="paoma3_pld.pdi"/>
  <File Type="RCFI_FILE" Name="paoma3.rcfi"/>
  <File Type="CFI_FILE" Name="paoma3.cfi"/>
  <File Type="RNPI_FILE" Name="paoma3.rnpi"/>
  <File Type="NPI_FILE" Name="paoma3.npi"/>
  <File Type="RBD_FILE" Name="paoma3.rbd"/>
  <File Type="BITSTR-LTX" Name="debug_nets.ltx"/>
  <File Type="BITSTR-LTX" Name="paoma3.ltx"/>
  <File Type="BITSTR-SYSDEF" Name="paoma3.sysdef"/>
  <File Type="BG-BGN" Name="paoma3.bgn"/>
  <File Type="BG-DRC" Name="paoma3.drc"/>
  <File Type="RDI-RDI" Name="paoma3.vdi"/>
  <File Type="WBT-USG" Name="usage_statistics_webtalk.html"/>
  <File Type="ROUTE-RQS" Name="paoma3_routed.rqs"/>
  <File Type="POSTROUTE-PHYSOPT-RQS" Name="paoma3_postroute_physopted.rqs"/>
  <File Type="ROUTE-RQS-RPT" Name="route_report_qor_suggestions_0.rpt"/>
  <File Type="POSTROUTE-PHYSOPT-RQS-RPT" Name="postroute_physopt_report_qor_suggestions_0.rpt"/>
  <FileSet Name="sources" Type="DesignSrcs" RelSrcDir="$PSRCDIR/sources_1" RelGenDir="$PGENDIR/sources_1">
    <Filter Type="Srcs"/>
    <File Path="$PSRCDIR/sources_1/new/3.4">
      <FileInfo SFType="Verilog">
        <Attr Name="UsedIn" Val="synthesis"/>
        <Attr Name="UsedIn" Val="implementation"/>
        <Attr Name="UsedIn" Val="simulation"/>
      </FileInfo>
    </File>
    <File Path="$PSRCDIR/sources_1/new/3.5">
      <FileInfo SFType="Verilog">
        <Attr Name="UsedIn" Val="synthesis"/>
        <Attr Name="UsedIn" Val="implementation"/>
        <Attr Name="UsedIn" Val="simulation"/>
      </FileInfo>
    </File>
    <File Path="$PSRCDIR/sources_1/new/3.7.2">
      <FileInfo SFType="Verilog">
        <Attr Name="UsedIn" Val="synthesis"/>
        <Attr Name="UsedIn" Val="implementation"/>
        <Attr Name="UsedIn" Val="simulation"/>
      </FileInfo>
    </File>
    <File Path="$PSRCDIR/sources_1/new/3.7">
      <FileInfo SFType="Verilog">
        <Attr Name="AutoDisabled" Val="1"/>
        <Attr Name="UsedIn" Val="synthesis"/>
        <Attr Name="UsedIn" Val="implementation"/>
        <Attr Name="UsedIn" Val="simulation"/>
      </FileInfo>
    </File>
    <File Path="$PSRCDIR/sources_1/new/3.1">
      <FileInfo SFType="Verilog">
        <Attr Name="AutoDisabled" Val="1"/>
        <Attr Name="UsedIn" Val="synthesis"/>
        <Attr Name="UsedIn" Val="implementation"/>
        <Attr Name="UsedIn" Val="simulation"/>
      </FileInfo>
    </File>
    <File Path="$PSRCDIR/sources_1/new/3.2">
      <FileInfo SFType="Verilog">
        <Attr Name="AutoDisabled" Val="1"/>
        <Attr Name="UsedIn" Val="synthesis"/>
        <Attr Name="UsedIn" Val="implementation"/>
        <Attr Name="UsedIn" Val="simulation"/>
      </FileInfo>
    </File>
    <File Path="$PSRCDIR/sources_1/new/3.6">
      <FileInfo SFType="Verilog">
        <Attr Name="AutoDisabled" Val="1"/>
        <Attr Name="UsedIn" Val="synthesis"/>
        <Attr Name="UsedIn" Val="implementation"/>
        <Attr Name="UsedIn" Val="simulation"/>
      </FileInfo>
    </File>
    <Config>
      <Option Name="DesignMode" Val="RTL"/>
      <Option Name="TopModule" Val="paoma3"/>
    </Config>
  </FileSet>
  <FileSet Name="constrs_in" Type="Constrs" RelSrcDir="$PSRCDIR/constrs_1" RelGenDir="$PGENDIR/constrs_1">
    <Filter Type="Constrs"/>
    <File Path="$PSRCDIR/constrs_1/new/cons_lab3.xdc">
      <FileInfo>
        <Attr Name="UsedIn" Val="synthesis"/>
        <Attr Name="UsedIn" Val="implementation"/>
      </FileInfo>
    </File>
    <Config>
      <Option Name="ConstrsType" Val="XDC"/>
    </Config>
  </FileSet>
  <FileSet Name="utils" Type="Utils" RelSrcDir="$PSRCDIR/utils_1" RelGenDir="$PGENDIR/utils_1">
    <Filter Type="Utils"/>
    <File Path="$PSRCDIR/utils_1/imports/synth_1/dynamic_scan.dcp">
      <FileInfo>
        <Attr Name="UsedIn" Val="synthesis"/>
        <Attr Name="UsedIn" Val="implementation"/>
        <Attr Name="UsedInSteps" Val="synth_1"/>
        <Attr Name="AutoDcp" Val="1"/>
      </FileInfo>
    </File>
    <Config>
      <Option Name="TopAutoSet" Val="TRUE"/>
    </Config>
  </FileSet>
  <Strategy Version="1" Minor="2">
    <StratHandle Name="Vivado Implementation Defaults" Flow="Vivado Implementation 2023"/>
    <Step Id="init_design"/>
    <Step Id="opt_design"/>
    <Step Id="power_opt_design"/>
    <Step Id="place_design"/>
    <Step Id="post_place_power_opt_design"/>
    <Step Id="phys_opt_design"/>
    <Step Id="route_design"/>
    <Step Id="post_route_phys_opt_design"/>
    <Step Id="write_bitstream"/>
  </Strategy>
</GenRun>
